id,assessment_id,module_id,stem,options,answer_idx,difficulty,explanation,family,is_calc,is_active
1,1,1,To which authority does a bank file Cash Transaction Reports (CTR) and Suspicious Transaction Reports (STR)?,"[""Reserve Bank of India"", ""Financial Intelligence Unit – India (FIU-IND)"", ""SEBI"", ""Enforcement Directorate""]",1,2,Reporting entities under PMLA report CTRs and STRs to FIU-IND.,,false,true
2,1,1,"For a company customer, a beneficial owner under the PML Rules is a natural person who ultimately holds an ownership interest of:","[""More than 25%"", ""More than 10%"", ""More than 51%"", ""Any shareholding""]",1,2,The 2023 amendment lowered the threshold for companies to more than 10%.,,false,true
3,1,1,"Once the Principal Officer concludes a transaction is suspicious, the STR must be filed within:","[""24 hours"", ""7 working days"", ""15 days"", ""30 days""]",1,2,STRs are due within 7 working days of arriving at the conclusion of suspicion.,,false,true
4,1,1,A client whose loan is pending sanction sends you an expensive watch. What do you do?,"[""Accept it — the sanction is not yours to approve"", ""Accept and declare it after sanction"", ""Politely decline and report it as per the gifts & conflict-of-interest policy"", ""Pass it to your mentor""]",2,2,Gifts during a pending decision create a conflict of interest; decline and report.,,false,true
5,1,1,A customer deposits ₹9.5 lakh in cash on four consecutive days. This pattern is best described as:,"[""Normal treasury management"", ""Structuring — a money-laundering red flag"", ""Sweep-in"", ""Cash pooling""]",1,2,Splitting cash to stay under reporting thresholds is structuring and must be escalated.,,false,true
6,1,1,"Under the DPDP Act 2023 and bank infosec policy, which action is acceptable?","[""Forwarding a client's balance sheet to your personal Gmail to work from home"", ""Sharing a CIF list with a vendor on WhatsApp"", ""Accessing client data only on bank systems for the purpose it was collected"", ""Keeping printed KYC copies at home""]",2,2,Purpose limitation and secure processing on approved systems only.,,false,true
7,1,2,The core role of a corporate Relationship Manager is best described as:,"[""Processing loan documentation"", ""Single point of accountability for the client, orchestrating product specialists, credit and operations"", ""Approving credit limits"", ""Setting treasury rates""]",1,2,The RM owns the relationship and coordinates internal specialists.,,false,true
8,1,2,"In a first meeting with a mid-corporate prospect, the most effective opening is:","[""Presenting the full product brochure"", ""Quoting the lowest rate"", ""Open questions about their business cycle, cash conversion and growth plans"", ""Asking for three years' financials immediately""]",2,2,Consultative needs discovery comes before product pitching.,,false,true
9,1,2,A client complains that disbursement is delayed. The right first response is:,"[""Blame operations"", ""Acknowledge, log it in CRM/grievance system, own the follow-up and give a realistic timeline"", ""Ask the client to email the branch manager"", ""Wait for operations to call the client""]",1,2,"Ownership, logging and a committed timeline protect the relationship and audit trail.",,false,true
10,1,2,A complaint of sexual harassment at the workplace is heard by:,"[""The reporting manager"", ""The Internal Committee under the POSH Act, 2013"", ""The branch head"", ""External auditors""]",1,2,The POSH Act mandates an Internal Committee.,,false,true
11,1,3,"Stock ₹100 Cr, eligible receivables ₹60 Cr, trade creditors ₹40 Cr, margin 25%. Drawing power is:","[""₹120 Cr"", ""₹90 Cr"", ""₹75 Cr"", ""₹160 Cr""]",1,3,(100 + 60 − 40) × (1 − 0.25) = ₹90 Cr.,CALC_DP,true,true
12,1,3,An exporter needs pre-shipment finance in foreign currency. The suitable product is:,"[""Cash credit"", ""Packing Credit in Foreign Currency (PCFC)"", ""Bank guarantee"", ""Term loan""]",1,2,PCFC funds pre-shipment requirements in foreign currency.,,false,true
13,1,3,A Debt Service Coverage Ratio (DSCR) of 1.0x means:,"[""The company has no debt"", ""Cash available exactly covers interest and principal due, with no cushion"", ""The loan is fully secured"", ""The company is highly profitable""]",1,2,Banks typically look for a DSCR comfortably above 1.2–1.3x.,,false,true
14,1,3,Interest on a cash credit account is charged on:,"[""The sanctioned limit"", ""The daily outstanding balance utilised"", ""Drawing power"", ""Stock value""]",1,2,CC interest is on utilised daily balances; unused limits may attract commitment charges.,,false,true
15,1,3,An importer with USD payables due in 90 days fears INR depreciation. The simplest hedge is:,"[""Sell USD forward"", ""Buy USD forward for 90 days"", ""Open a fixed deposit"", ""Take a term loan""]",1,2,A forward purchase locks the INR cost of the USD payable.,,false,true
16,1,3,Financing an anchor company's dealers against the anchor's comfort is called:,"[""Dealer / supply chain finance"", ""Bill discounting under LC"", ""Project finance"", ""Overdraft against FD""]",0,2,Dealer finance is a supply-chain finance programme around an anchor.,,false,true
17,1,3,A corporate wants receivables from 200 locations pooled to one account daily. Offer:,"[""Bank guarantee"", ""Cash management collection services"", ""Letter of credit"", ""Working capital demand loan""]",1,2,CMS collections consolidate receivables and bring low-cost float.,,false,true
18,1,4,A term loan instalment is overdue by 45 days. The account is classified as:,"[""SMA-0"", ""SMA-1"", ""SMA-2"", ""NPA""]",1,2,SMA-1: overdue more than 30 and up to 60 days.,,false,true
19,1,4,A cash credit account becomes NPA when it remains out of order (above limit/DP or no credits) continuously for:,"[""30 days"", ""60 days"", ""90 days"", ""180 days""]",2,2,Out-of-order status for 90 days triggers NPA classification.,,false,true
20,1,4,Security interest created over a borrower's assets must be registered with CERSAI within:,"[""7 days"", ""30 days"", ""60 days"", ""90 days""]",1,2,Registration within 30 days of creation protects the bank's priority.,,false,true
21,1,4,The Credit Appraisal Memo (CAM) primarily exists to:,"[""Market the bank's products"", ""Document the risk assessment, structure, terms and recommendation for the sanctioning authority"", ""Record KYC"", ""Calculate RM incentives""]",1,2,The CAM is the decision document for credit sanction.,,false,true
22,1,4,The maker-checker principle means:,"[""The RM both enters and approves a transaction"", ""A second independent person verifies and authorises what the first person entered"", ""Customers check their own statements"", ""Auditors make all entries""]",1,2,Four-eyes control prevents errors and fraud.,,false,true
23,1,4,Which is an Early Warning Signal (EWS) an RM should escalate?,"[""Client opens a new branch"", ""Repeated delays in stock statements and frequent cheque returns"", ""Client pays EMI early"", ""Client asks for a forex quote""]",1,2,Delayed statements and bounces signal stress.,,false,true
24,1,4,Periodic KYC updation for high-risk customers must be done at least once every:,"[""1 year"", ""2 years"", ""8 years"", ""10 years""]",1,2,High risk: 2 years; medium: 8; low: 10 (RBI KYC Master Direction).,,false,true
25,2,5,Funds Transfer Pricing (FTP) is:,"[""The rate the customer pays"", ""The internal rate at which treasury charges/credits business units for funds"", ""The repo rate"", ""The penal rate""]",1,2,FTP separates interest-rate risk from the RM's credit spread.,,false,true
26,2,5,Loan ₹10 Cr at 9.50% with an FTP of 7.00%. Annual net interest income is:,"[""₹95 lakh"", ""₹25 lakh"", ""₹70 lakh"", ""₹2.5 lakh""]",1,3,10 Cr × 2.50% = ₹25 lakh.,CALC_NII,true,true
27,2,5,"PD 2%, LGD 45%, EAD ₹50 Cr. Expected loss is:","[""₹1 Cr"", ""₹45 lakh"", ""₹22.5 lakh"", ""₹2.25 Cr""]",1,3,0.02 × 0.45 × 50 Cr = ₹0.45 Cr.,CALC_EL,true,true
28,2,5,RAROC is calculated as:,"[""Revenue ÷ total assets"", ""Risk-adjusted return ÷ economic (allocated) capital"", ""NII ÷ loans"", ""Fees ÷ cost""]",1,2,(Income − cost − expected loss − tax) ÷ capital.,,false,true
29,2,5,Relationship RAROC is 11% against a hurdle of 15%. The best RM action is:,"[""Book it anyway — volume matters"", ""Reprice and/or add fee and float business to lift returns, or seek a documented deviation"", ""Drop the client immediately"", ""Reduce the LGD estimate""]",1,3,Below-hurdle deals destroy value unless restructured or justified.,,true,true
30,2,5,"Exposure ₹100 Cr to an AAA-rated corporate (risk weight 20%), CRAR 11.5%. Capital required is:","[""₹11.5 Cr"", ""₹2.3 Cr"", ""₹20 Cr"", ""₹0.23 Cr""]",1,3,RWA 20 Cr × 11.5% = ₹2.3 Cr.,CALC_CAP,true,true
31,2,5,External-benchmark (EBLR) loans must have the interest rate reset at least once every:,"[""Month"", ""Three months"", ""Year"", ""Five years""]",1,2,RBI requires resets at least once in three months.,,false,true
32,2,5,"LC limit ₹50 Cr, average utilisation 60%, commission 0.50% p.a. Annual LC fee is:","[""₹25 lakh"", ""₹15 lakh"", ""₹30 lakh"", ""₹1.5 lakh""]",1,3,50 × 60% × 0.5% = ₹0.15 Cr.,CALC_LCFEE,true,true
33,2,5,Pricing below the card rate requires:,"[""Only RM judgement"", ""Approval from the authority in the delegation matrix with documented rationale"", ""Customer's written request"", ""No approval if the client is large""]",1,2,Deviations are governed and audited.,,false,true
34,2,5,Raising the spread by 10 bps on a ₹100 Cr loan adds annual NII of:,"[""₹1 lakh"", ""₹10 lakh"", ""₹1 Cr"", ""₹100 lakh""]",1,3,100 Cr × 0.10% = ₹10 lakh.,,true,true
35,2,6,"Average current-account balance ₹20 Cr (0% paid), FTP credit 6%. Annual float value is:","[""₹12 lakh"", ""₹1.2 Cr"", ""₹20 lakh"", ""₹6 lakh""]",1,3,20 Cr × 6% = ₹1.2 Cr.,,true,true
36,2,6,Relationship Return on Equity (RoE) is:,"[""PAT ÷ allocated capital"", ""Revenue ÷ loans"", ""NII ÷ deposits"", ""PBT ÷ assets""]",0,2,Profit after tax on the capital the relationship consumes.,,false,true
37,2,6,A 1% processing fee on a ₹20 Cr term loan earns:,"[""₹2 lakh"", ""₹20 lakh"", ""₹2 Cr"", ""₹0.2 lakh""]",1,3,20 Cr × 1% = ₹0.2 Cr.,,true,true
38,2,6,"Relationship income ₹5 Cr, cost-to-income 40%. Allocated operating cost is:","[""₹2 Cr"", ""₹3 Cr"", ""₹40 lakh"", ""₹12.5 Cr""]",0,3,5 × 40% = ₹2 Cr.,,true,true
39,2,6,PBT ₹3 Cr at an effective tax rate of 25.17%. PAT is approximately:,"[""₹2.25 Cr"", ""₹0.75 Cr"", ""₹3.75 Cr"", ""₹2.75 Cr""]",0,3,3 × (1 − 0.2517) ≈ ₹2.24 Cr.,,true,true
40,2,6,A client's total annual banking wallet is ₹10 Cr of revenue; your bank earns ₹2 Cr. Wallet share is:,"[""5%"", ""20%"", ""80%"", ""2%""]",1,3,2 ÷ 10 = 20%.,,true,true
41,2,6,Which lever most improves relationship RoE without adding credit risk?,"[""Bigger term loan"", ""Fee and float products: CMS, payroll, trade, forex"", ""Longer tenor"", ""Lower margin on stock""]",1,2,Fee/float income consumes little or no capital.,,false,true
42,2,6,Expected loss in a relationship P&L is best treated as:,"[""Ignored until default"", ""A running cost of credit, deducted before profit"", ""Part of fee income"", ""Part of FTP""]",1,2,Risk-adjusted P&L charges expected loss upfront.,,false,true
43,3,1,"Shadowing a mentor, a client asks to split ₹40 lakh of cash deposits into four slips of ₹9.9 lakh. You:","[""Process it — each slip is under ₹10 lakh"", ""Decline, inform your mentor and route it for STR review to the Principal Officer"", ""Ask the client to come back tomorrow"", ""Split it into 5 slips instead""]",1,2,Deliberate structuring must be escalated.,,false,true
44,3,5,A client demands 50 bps below the approved rate; RAROC falls under hurdle. The best response is:,"[""Agree to keep the client"", ""Propose CMS, payroll and forex to lift relationship RAROC and seek a documented deviation if still needed"", ""Refuse and end the meeting"", ""Lower the PD estimate""]",1,3,"Price the relationship, not the single loan, within governance.",,true,true
45,3,4,During shadowing you see a client's stock statements are two months late. You:,"[""Ignore — renewal is months away"", ""Flag as an Early Warning Signal, follow up with the client and update CRM"", ""Stop the CC limit yourself"", ""Only mention it at year-end""]",1,2,Timely EWS action prevents slippage.,,false,true
46,3,1,A client's HR sends employee Aadhaar and salary data on WhatsApp for payroll set-up. You:,"[""Forward to operations on WhatsApp"", ""Ask them to resend via the bank's secure upload channel and delete the chat copy per policy"", ""Save it to your phone gallery"", ""Print and file it""]",1,2,Personal data must move only through approved secure channels.,,false,true
47,3,4,"At renewal, DSCR has dropped from 1.6x to 1.05x. The appropriate step is:","[""Renew as-is"", ""Deeper cash-flow analysis, revisit structure/covenants and flag in the CAM"", ""Double the limit"", ""Close the account""]",1,2,"Deteriorating coverage needs analysis and structuring, not auto-renewal.",,false,true
48,3,3,An importer has USD 2 mn payable in 90 days and no hedge. You recommend:,"[""A 90-day forward purchase of USD (subject to treasury limits)"", ""A USD fixed deposit"", ""Selling USD forward"", ""No action — rupee is stable""]",0,2,Forward cover removes currency risk on the payable.,,false,true
49,3,2,"If a complaint is not resolved by the bank within 30 days, the customer may approach:","[""The RBI Integrated Ombudsman"", ""SEBI SCORES"", ""Consumer court only"", ""The bank's auditors""]",0,2,RB-IOS 2021 allows escalation after 30 days or on rejection.,,false,true
50,3,6,"Loan ₹25 Cr, yield 10.00%, FTP 7.25%. Annual NII is:","[""₹68.75 lakh"", ""₹2.5 Cr"", ""₹1.81 Cr"", ""₹6.9 lakh""]",0,3,25 × 2.75% = ₹0.6875 Cr.,CALC_NII,true,true
51,3,5,"PD 1%, LGD 40%, EAD ₹30 Cr. Expected loss is:","[""₹12 lakh"", ""₹30 lakh"", ""₹1.2 Cr"", ""₹4 lakh""]",0,3,0.01 × 0.4 × 30 Cr = ₹0.12 Cr.,CALC_EL,true,true
52,3,2,The main objective of a first meeting with a prospect is to:,"[""Close a loan"", ""Understand the business model, cash conversion cycle, decision makers and pain points"", ""Collect KYC documents"", ""Negotiate pricing""]",1,2,Discovery first; solutioning later.,,false,true
53,3,4,A CC account's outstanding has stayed above drawing power continuously for 95 days. It is:,"[""Standard"", ""SMA-1"", ""NPA (out of order)"", ""SMA-0""]",2,2,Out of order for 90 days → NPA.,,false,true
54,3,1,Periodic KYC for a high-risk client must be refreshed at least every:,"[""2 years"", ""5 years"", ""8 years"", ""10 years""]",0,2,High-risk customers: every 2 years.,,false,true
55,3,1,"For a company, a person owning 12% of shares is:","[""Not a beneficial owner"", ""A beneficial owner (threshold is more than 10%)"", ""Only relevant if a director"", ""Relevant only for NRIs""]",1,2,More than 10% ownership makes them a beneficial owner.,,false,true
56,3,4,Covenants agreed with the borrower are legally formalised in:,"[""The CAM"", ""The sanction letter and facility agreement"", ""The CRM notes"", ""The KYC form""]",1,2,The CAM is internal; the sanction letter/agreement bind the borrower.,,false,true
57,3,1,"Before sharing client data with an outsourced vendor, you must ensure:","[""The vendor is cheap"", ""An approved outsourcing contract, confidentiality terms and a lawful basis / consent exist, via approved channels"", ""The client does not find out"", ""The data is zipped""]",1,2,Outsourcing and data-protection rules apply.,,false,true
58,3,2,A client offers a festive sweet box within the policy's value limit. You:,"[""Accept and declare it in the gift register as the policy requires"", ""Refuse rudely"", ""Accept and keep quiet"", ""Ask for something bigger""]",0,2,"Token gifts within limits are declared, never hidden.",,false,true
59,1,3,"Stock ₹80 Cr, eligible receivables ₹60 Cr, trade creditors ₹20 Cr, margin 20%. Drawing power is:","[""₹96 Cr"", ""₹120 Cr"", ""₹112 Cr"", ""₹128 Cr""]",0,3,(Stock + receivables − creditors) × (1 − margin).,CALC_DP,true,true
60,1,3,"Stock ₹140 Cr, eligible receivables ₹70 Cr, trade creditors ₹30 Cr, margin 20%. Drawing power is:","[""₹168 Cr"", ""₹180 Cr"", ""₹192 Cr"", ""₹144 Cr""]",3,3,(Stock + receivables − creditors) × (1 − margin).,CALC_DP,true,true
61,1,3,"Stock ₹80 Cr, eligible receivables ₹70 Cr, trade creditors ₹20 Cr, margin 30%. Drawing power is:","[""₹91 Cr"", ""₹130 Cr"", ""₹105 Cr"", ""₹119 Cr""]",0,3,(Stock + receivables − creditors) × (1 − margin).,CALC_DP,true,true
62,1,3,"Stock ₹90 Cr, eligible receivables ₹70 Cr, trade creditors ₹35 Cr, margin 25%. Drawing power is:","[""₹146.25 Cr"", ""₹93.75 Cr"", ""₹125 Cr"", ""₹120 Cr""]",1,3,(Stock + receivables − creditors) × (1 − margin).,CALC_DP,true,true
63,1,3,"Stock ₹110 Cr, eligible receivables ₹40 Cr, trade creditors ₹35 Cr, margin 25%. Drawing power is:","[""₹112.50 Cr"", ""₹115 Cr"", ""₹86.25 Cr"", ""₹138.75 Cr""]",2,3,(Stock + receivables − creditors) × (1 − margin).,CALC_DP,true,true
64,1,3,"Stock ₹80 Cr, eligible receivables ₹60 Cr, trade creditors ₹35 Cr, margin 25%. Drawing power is:","[""₹78.75 Cr"", ""₹105 Cr"", ""₹131.25 Cr"", ""₹38.58 Cr""]",0,3,(Stock + receivables − creditors) × (1 − margin).,CALC_DP,true,true
65,2,5,Loan ₹10 Cr at 10.00% with an FTP of 7.25%. Annual net interest income is:,"[""₹27.50 lakh"", ""₹72.50 lakh"", ""₹1 Cr"", ""₹2.75 Cr""]",0,3,(Yield − FTP) × balance.,CALC_NII,true,true
66,3,5,Loan ₹10 Cr at 10.00% with an FTP of 7.25%. Annual net interest income is:,"[""₹27.50 lakh"", ""₹72.50 lakh"", ""₹1 Cr"", ""₹2.75 Cr""]",0,3,(Yield − FTP) × balance.,CALC_NII,true,true
67,2,5,Loan ₹25 Cr at 10.00% with an FTP of 7.25%. Annual net interest income is:,"[""₹2.50 Cr"", ""₹6.88 Cr"", ""₹1.81 Cr"", ""₹68.75 lakh""]",3,3,(Yield − FTP) × balance.,CALC_NII,true,true
68,3,5,Loan ₹25 Cr at 10.00% with an FTP of 7.25%. Annual net interest income is:,"[""₹2.50 Cr"", ""₹6.88 Cr"", ""₹1.81 Cr"", ""₹68.75 lakh""]",3,3,(Yield − FTP) × balance.,CALC_NII,true,true
69,2,5,Loan ₹15 Cr at 9.25% with an FTP of 7.25%. Annual net interest income is:,"[""₹3 Cr"", ""₹1.39 Cr"", ""₹1.09 Cr"", ""₹30 lakh""]",3,3,(Yield − FTP) × balance.,CALC_NII,true,true
70,3,5,Loan ₹15 Cr at 9.25% with an FTP of 7.25%. Annual net interest income is:,"[""₹3 Cr"", ""₹1.39 Cr"", ""₹1.09 Cr"", ""₹30 lakh""]",3,3,(Yield − FTP) × balance.,CALC_NII,true,true
71,2,5,Loan ₹25 Cr at 9.50% with an FTP of 7.00%. Annual net interest income is:,"[""₹1.75 Cr"", ""₹6.25 Cr"", ""₹62.50 lakh"", ""₹2.38 Cr""]",2,3,(Yield − FTP) × balance.,CALC_NII,true,true
72,3,5,Loan ₹25 Cr at 9.50% with an FTP of 7.00%. Annual net interest income is:,"[""₹1.75 Cr"", ""₹6.25 Cr"", ""₹62.50 lakh"", ""₹2.38 Cr""]",2,3,(Yield − FTP) × balance.,CALC_NII,true,true
73,2,5,Loan ₹25 Cr at 9.75% with an FTP of 7.25%. Annual net interest income is:,"[""₹62.50 lakh"", ""₹2.44 Cr"", ""₹1.81 Cr"", ""₹6.25 Cr""]",0,3,(Yield − FTP) × balance.,CALC_NII,true,true
74,3,5,Loan ₹25 Cr at 9.75% with an FTP of 7.25%. Annual net interest income is:,"[""₹62.50 lakh"", ""₹2.44 Cr"", ""₹1.81 Cr"", ""₹6.25 Cr""]",0,3,(Yield − FTP) × balance.,CALC_NII,true,true
75,2,5,Loan ₹40 Cr at 10.00% with an FTP of 7.00%. Annual net interest income is:,"[""₹2.80 Cr"", ""₹4 Cr"", ""₹1.20 Cr"", ""₹12 Cr""]",2,3,(Yield − FTP) × balance.,CALC_NII,true,true
76,3,5,Loan ₹40 Cr at 10.00% with an FTP of 7.00%. Annual net interest income is:,"[""₹2.80 Cr"", ""₹4 Cr"", ""₹1.20 Cr"", ""₹12 Cr""]",2,3,(Yield − FTP) × balance.,CALC_NII,true,true
77,2,5,"PD 1.5%, LGD 35%, EAD ₹20 Cr. Expected loss is:","[""₹10.50 lakh"", ""₹1.05 Cr"", ""₹7 Cr"", ""₹30 lakh""]",0,3,PD × LGD × EAD.,CALC_EL,true,true
78,3,5,"PD 1.5%, LGD 35%, EAD ₹20 Cr. Expected loss is:","[""₹10.50 lakh"", ""₹1.05 Cr"", ""₹7 Cr"", ""₹30 lakh""]",0,3,PD × LGD × EAD.,CALC_EL,true,true
79,2,5,"PD 3%, LGD 50%, EAD ₹40 Cr. Expected loss is:","[""₹60 lakh"", ""₹20 Cr"", ""₹6 Cr"", ""₹1.20 Cr""]",0,3,PD × LGD × EAD.,CALC_EL,true,true
80,3,5,"PD 3%, LGD 50%, EAD ₹40 Cr. Expected loss is:","[""₹60 lakh"", ""₹20 Cr"", ""₹6 Cr"", ""₹1.20 Cr""]",0,3,PD × LGD × EAD.,CALC_EL,true,true
81,2,5,"PD 2%, LGD 50%, EAD ₹50 Cr. Expected loss is:","[""₹5 Cr"", ""₹25 Cr"", ""₹1 Cr"", ""₹50 lakh""]",3,3,PD × LGD × EAD.,CALC_EL,true,true
82,3,5,"PD 2%, LGD 50%, EAD ₹50 Cr. Expected loss is:","[""₹5 Cr"", ""₹25 Cr"", ""₹1 Cr"", ""₹50 lakh""]",3,3,PD × LGD × EAD.,CALC_EL,true,true
83,2,5,"PD 2%, LGD 35%, EAD ₹50 Cr. Expected loss is:","[""₹3.50 Cr"", ""₹35 lakh"", ""₹1 Cr"", ""₹17.50 Cr""]",1,3,PD × LGD × EAD.,CALC_EL,true,true
84,3,5,"PD 2%, LGD 35%, EAD ₹50 Cr. Expected loss is:","[""₹3.50 Cr"", ""₹35 lakh"", ""₹1 Cr"", ""₹17.50 Cr""]",1,3,PD × LGD × EAD.,CALC_EL,true,true
85,2,5,"PD 2%, LGD 50%, EAD ₹20 Cr. Expected loss is:","[""₹20 lakh"", ""₹2 Cr"", ""₹40 lakh"", ""₹10 Cr""]",0,3,PD × LGD × EAD.,CALC_EL,true,true
86,3,5,"PD 2%, LGD 50%, EAD ₹20 Cr. Expected loss is:","[""₹20 lakh"", ""₹2 Cr"", ""₹40 lakh"", ""₹10 Cr""]",0,3,PD × LGD × EAD.,CALC_EL,true,true
87,2,5,"PD 0.5%, LGD 40%, EAD ₹50 Cr. Expected loss is:","[""₹20 Cr"", ""₹10 lakh"", ""₹1 Cr"", ""₹25 lakh""]",1,3,PD × LGD × EAD.,CALC_EL,true,true
88,3,5,"PD 0.5%, LGD 40%, EAD ₹50 Cr. Expected loss is:","[""₹20 Cr"", ""₹10 lakh"", ""₹1 Cr"", ""₹25 lakh""]",1,3,PD × LGD × EAD.,CALC_EL,true,true
89,2,5,Exposure ₹50 Cr to a corporate with a 20% risk weight; capital ratio 11.5%. Capital required is:,"[""₹5.75 Cr"", ""₹1.15 Cr"", ""₹10 Cr"", ""₹90 lakh""]",1,3,Exposure × risk weight × capital ratio.,CALC_CAP,true,true
90,2,5,Exposure ₹80 Cr to a corporate with a 30% risk weight; capital ratio 11.5%. Capital required is:,"[""₹9.20 Cr"", ""₹2.16 Cr"", ""₹24 Cr"", ""₹2.76 Cr""]",3,3,Exposure × risk weight × capital ratio.,CALC_CAP,true,true
91,2,5,Exposure ₹100 Cr to a corporate with a 50% risk weight; capital ratio 11.5%. Capital required is:,"[""₹50 Cr"", ""₹4.50 Cr"", ""₹5.75 Cr"", ""₹11.50 Cr""]",2,3,Exposure × risk weight × capital ratio.,CALC_CAP,true,true
92,2,5,Exposure ₹150 Cr to a corporate with a 30% risk weight; capital ratio 11.5%. Capital required is:,"[""₹45 Cr"", ""₹5.17 Cr"", ""₹4.05 Cr"", ""₹17.25 Cr""]",1,3,Exposure × risk weight × capital ratio.,CALC_CAP,true,true
93,2,5,Exposure ₹100 Cr to a corporate with a 20% risk weight; capital ratio 11.5%. Capital required is:,"[""₹11.50 Cr"", ""₹2.30 Cr"", ""₹20 Cr"", ""₹1.80 Cr""]",1,3,Exposure × risk weight × capital ratio.,CALC_CAP,true,true
94,2,5,"LC limit ₹30 Cr, average utilisation 60%, commission 1.0% p.a. Annual LC fee is:","[""₹30 lakh"", ""₹1.80 Cr"", ""₹18 lakh"", ""₹1.80 lakh""]",2,3,Limit × utilisation × commission rate.,CALC_LCFEE,true,true
95,2,5,"LC limit ₹75 Cr, average utilisation 40%, commission 0.4% p.a. Annual LC fee is:","[""₹30 lakh"", ""₹1.20 Cr"", ""₹12 lakh"", ""₹1.20 lakh""]",2,3,Limit × utilisation × commission rate.,CALC_LCFEE,true,true
96,2,5,"LC limit ₹50 Cr, average utilisation 60%, commission 0.4% p.a. Annual LC fee is:","[""₹1.20 lakh"", ""₹20 lakh"", ""₹1.20 Cr"", ""₹12 lakh""]",3,3,Limit × utilisation × commission rate.,CALC_LCFEE,true,true
97,2,5,"LC limit ₹50 Cr, average utilisation 60%, commission 1.0% p.a. Annual LC fee is:","[""₹3 lakh"", ""₹50 lakh"", ""₹30 lakh"", ""₹3 Cr""]",2,3,Limit × utilisation × commission rate.,CALC_LCFEE,true,true
98,2,5,"LC limit ₹75 Cr, average utilisation 50%, commission 0.5% p.a. Annual LC fee is:","[""₹18.75 lakh"", ""₹1.88 Cr"", ""₹1.88 lakh"", ""₹37.50 lakh""]",0,3,Limit × utilisation × commission rate.,CALC_LCFEE,true,true
