Section,Item,Required for,Verified (Y/N),Remarks
Entity,Certificate of incorporation,All companies,,
Entity,PAN of entity,All,,
Entity,Memorandum & Articles of Association,Companies,,
Entity,Board resolution authorising account opening,Companies,,
Entity,GST registration,Where applicable,,
Beneficial ownership,List of natural persons holding >10% (company),Companies,,
Beneficial ownership,KYC of each beneficial owner,All,,
Authorised signatories,Officially valid document and PAN for each signatory,All,,
Screening,Sanctions list screening completed,All,,
Screening,PEP screening completed,All,,
Screening,Adverse media check,All,,
Risk,Customer risk category assigned (Low/Medium/High),All,,
Risk,Next periodic KYC date set (High 2y / Medium 8y / Low 10y),All,,
Approval,Maker-checker completed,All,,
